id_persona,nombre,ap,am,email
1,Alejandro,Rodriguez,Ramirez,Alejandro_Rodriguez@gmail.com
2,Camila,Hernandez,Fernandez,Camila_Hernandez@gmail.com
3,Daniel,Gomez,Torres,Daniel_Gomez@gmail.com
4,Andrea,Morales,Garcia,Andrea_Morales@gmail.com
5,Diego,Diaz,Torres,Diego_Diaz@gmail.com
6,Ana,Jimenez,Perez,Ana_Jimenez@gmail.com
7,Luis,Gutierrez,Sandoval,Luis_Gutierrez@gmail.com
8,Valeria,Torres,Vega,Valeria_Torres@gmail.com
9,Carlos,Martinez,Rojas,Carlos_Martinez@gmail.com
10,Sofia,Fernandez,Gonzalez,Sofia_Fernandez@gmail.com
11,Pablo,Sanchez,Ramirez,Pablo_Sanchez@gmail.com
12,Ana,Perez,Jimenez,Ana_Perez@gmail.com
13,Juan,Flores,Sanchez,Juan_Flores@gmail.com
14,Lucia,Gonzalez,Rodriguez,Lucia_Gonzalez@gmail.com
15,Santiago,Chavez,Lopez,Santiago_Chavez@gmail.com
16,Mariana,Aguilar,Reyes,Mariana_Aguilar@gmail.com
17,Isabella,Rivera,Romero,Isabella_Rivera@gmail.com
18,Jose,Castro,Flores,Jose_Castro@gmail.com
19,Carla,Romero,Hernandez,Carla_Romero@gmail.com
20,Mateo,Vargas,Nunez,Mateo_Vargas@gmail.com
21,Laura,Castillo,Chavez,Laura_Castillo@gmail.com
22,Oscar,Moreno,Ramos,Oscar_Moreno@gmail.com
23,Natalia,Ramos,Castillo,Natalia_Ramos@gmail.com
24,Andres,Reyes,Aguilar,Andres_Reyes@gmail.com
25,Emma,Nunez,Ortiz,Emma_Nunez@gmail.com
26,Gabriela,Rosales,Lopez,Gabriela_Rosales@gmail.com
27,David,Vega,Gomez,David_Vega@gmail.com
28,Maria,Sandoval,Morales,Maria_Sandoval@gmail.com
29,Victor,Herrera,Suarez,Victor_Herrera@gmail.com
30,Samantha,Mendoza,Vargas,Samantha_Mendoza@gmail.com
31,Martin,Escobar,Torres,Martin_Escobar@gmail.com
32,Sofia,Guerrero,Reyes,Sofia_Guerrero@gmail.com
33,Angel,Medina,Perez,Angel_Medina@gmail.com
34,Sofia,Leon,Hernandez,Sofia_Leon@gmail.com
35,Nataly,Cervantes,Sandoval,Nataly_Cervantes@gmail.com
36,Juan,Benitez,Torres,Juan_Benitez@gmail.com
37,Alejandra,Ibarra,Jimenez,Alejandra_Ibarra@gmail.com
38,Diego,Velasco,Perez,Diego_Velasco@gmail.com
39,Ana,Montes,Flores,Ana_Montes@gmail.com
40,Valentina,Luna,Rodriguez,Valentina_Luna@gmail.com
41,Ruben,Olvera,Morales,Ruben_Olvera@gmail.com
42,Jimena,Arredondo,Gonzalez,Jimena_Arredondo@gmail.com
43,Marco,Fuentes,Ramirez,Marco_Fuentes@gmail.com
44,Patricia,Pineda,Castro,Patricia_Pineda@gmail.com
45,Olivia,Zavala,Chavez,Olivia_Zavala@gmail.com
46,Santiago,Guevara,Rojas,Santiago_Guevara@gmail.com
47,Ana,Barajas,Garcia,Ana_Barajas@gmail.com
48,Nicolas,Caballero,Ramos,Nicolas_Caballero@gmail.com
49,Emilia,Ortega,Hernandez,Emilia_Ortega@gmail.com
50,Samuel,Arroyo,Torres,Samuel_Arroyo@gmail.com
51,Fernanda,Quezada,Sandoval,Fernanda_Quezada@gmail.com
52,Rafael,Cardenas,Fernandez,Rafael_Cardenas@gmail.com
53,Alexa,Saucedo,Torres,Alexa_Saucedo@gmail.com
54,Arturo,Briones,Ramirez,Arturo_Briones@gmail.com
55,Juliana,Amezcua,Flores,Juliana_Amezcua@gmail.com
56,Felipe,Melendez,Sandoval,Felipe_Melendez@gmail.com
57,Brenda,Mora,Torres,Brenda_Mora@gmail.com
58,Marcela,Espinoza,Rojas,Marcela_Espinoza@gmail.com
59,Pedro,Serrano,Perez,Pedro_Serrano@gmail.com
60,Ana,Pacheco,Gonzalez,Ana_Pacheco@gmail.com
61,Ricardo,Duarte,Lopez,Ricardo_Duarte@gmail.com
62,Paola,Mata,Hernandez,Paola_Mata@gmail.com
63,Victoria,Barba,Flores,Victoria_Barba@gmail.com
64,Carlos,Paredes,Ramirez,Carlos_Paredes@gmail.com
65,Valeria,Salcedo,Torres,Valeria_Salcedo@gmail.com
66,Bruno,Bernal,Garcia,Bruno_Bernal@gmail.com
67,Nicolas,Uribe,Rojas,Nicolas_Uribe@gmail.com
68,Ana,Carrasco,Perez,Ana_Carrasco@gmail.com
69,Silvana,Olivares,Gonzalez,Silvana_Olivares@gmail.com
70,Hector,Villarreal,Torres,Hector_Villarreal@gmail.com
71,Ricardo,Navarro,Ramirez,Ricardo_Navarro@gmail.com
72,Ana,Robles,Hernandez,Ana_Robles@gmail.com
73,Luis,Puga,Flores,Luis_Puga@gmail.com
74,Ana,Escamilla,Sandoval,Ana_Escamilla@gmail.com
75,Gabriela,Valencia,Torres,Gabriela_Valencia@gmail.com
76,Fernanda,Munguia,Ramirez,Fernanda_Munguia@gmail.com
77,Eduardo,Vazquez,Torres,Eduardo_Vazquez@gmail.com
78,Ismael,Toledo,Garcia,Ismael_Toledo@gmail.com
79,Estefania,Escobar,Rojas,Estefania_Escobar@gmail.com
80,Damian,Rangel,Flores,Damian_Rangel@gmail.com
81,Giselle,Baez,Hernandez,Giselle_Baez@gmail.com
82,David,Cazares,Torres,David_Cazares@gmail.com
83,Adriana,Rios,Perez,Adriana_Rios@gmail.com
84,Kevin,Noriega,Ramirez,Kevin_Noriega@gmail.com
85,Natalia,Cedillo,Gonzalez,Natalia_Cedillo@gmail.com
86,Francisco,Jurado,Sandoval,Francisco_Jurado@gmail.com
87,Renata,Reynoso,Torres,Renata_Reynoso@gmail.com
88,Alan,Cervantes,Garcia,Alan_Cervantes@gmail.com
89,Mariana,Duran,Rojas,Mariana_Duran@gmail.com
90,Erick,Mendoza,Flores,Erick_Mendoza@gmail.com
91,Andrea,Maldonado,Hernandez,Andrea_Maldonado@gmail.com
92,Ricardo,Reyes,Torres,Ricardo_Reyes@gmail.com
93,Ana,Macias,Perez,Ana_Macias@gmail.com
94,Luisa,Barrera,Ramirez,Luisa_Barrera@gmail.com
95,Eduardo,Avalos,Gonzalez,Eduardo_Avalos@gmail.com
96,Diana,Ornelas,Sandoval,Diana_Ornelas@gmail.com
97,Gabriel,Miranda,Torres,Gabriel_Miranda@gmail.com
98,Marisol,Salas,Garcia,Marisol_Salas@gmail.com
99,Israel,Alcantar,Rojas,Israel_Alcantar@gmail.com
100,Paola,Alvarado,Flores,Paola_Alvarado@gmail.com
